Excel行号,A 系统分类,B 控制对象,C 业务动作,D 关键状态,E 执行前主状态,F 执行前当前状态,G 正常结果主状态,H 正常结果关键状态,I 异常结果主状态,J 异常结果当前状态,K 业务状态（流程流转自行记录当前状态）,L 业务状态描述,M 状态判定条件,N 对流程影响,O 状态定义
3,激光链路,光纤种子源组件,开机自检,未上电/离线,未就绪,关机完成、未上电/离线,未就绪,自检完成,异常,自检异常,未就绪,光纤种子源组件正在进行上电、连通和自检，尚无业务资格；全部通过后转为就绪。,电源/心跳/服务可达任一关键项不满足，且未处于可执行服务状态,阻断相关业务节点，等待基础条件满足,启动中、准备中
4,激光链路,光纤种子源组件,功能检查,业务就绪完成（具备倍频注入/旁路判定能力）,未就绪/正常/异常,自检完成,就绪,功能检查完成,异常,功能检查异常,就绪,光纤种子源组件已通过功能检查并具备倍频注入/旁路判定能力；关键能力或联锁失效时退出就绪。,基础服务运行正常、自检通过、功能检查通过，该分系统关键能力均满足节点前置要求，是业务执行的门禁；设备回到可安全接收下一次流程的初始位/待机位，且无未清故障、无未释放资源锁,避免通用状态误判为业务可执行，导致节点提前下发,业务就绪确认
5,激光链路,光纤种子源组件,参数下发,参数配置正常,就绪/正常,功能检查完成/采集完成,正常,参数下发完成,异常,参数下发异常,就绪,光纤种子源组件参数或配方已下发并校验生效，可执行出光动作；配置变化后需重新下发。,服务任务执行成功或持续保持，完成回调，且采集到的目标状态等于“XX完成”或具体业务状态“XX执行成功”。,阻断当前节点或当前阶段,结果确认/保持有效
6,激光链路,光纤种子源组件,种子源出光,稳定出光正常,正常,参数下发完成,正常,出光完成,异常,出光异常,出光,种子源已稳定出光并持续供光；关光或异常时退出。,服务任务执行成功或持续保持，完成回调，且采集到的目标状态等于“XX完成”或具体业务状态“XX执行成功”。,阻断当前节点或当前阶段,结果确认/保持有效
7,激光链路,光纤种子源组件,激光参数采集,采集正常,正常,出光完成,正常,采集完成,异常,采集异常,出光,保持出光完成参数采集；采集不改变出光状态。,服务任务执行成功或持续保持，完成回调，且采集到的目标状态等于“XX完成”或具体业务状态“XX执行成功”。,采集成功不等于数据可用，影响发射后分析,数据采集/后处理
8,激光链路,光纤种子源组件,种子源待机/复位,复位/待机完成,正常,采集完成,就绪,复位/待机完成,异常,复位/待机异常,就绪,光纤种子源组件已回到安全待机位并释放资源；下一发执行前仍须校验前置条件。,服务任务执行成功或持续保持，完成回调，且采集到的目标状态等于“XX完成”或具体业务状态“XX执行成功”。,缺少复位态会影响下一发衔接和资源释放判断,待机
9,激光链路,光纤种子源组件,流程终止（异常中止）,复位/待机完成,/,/,就绪,复位/待机完成,异常,复位/待机异常,未就绪,光纤种子源组件已完成异常中止后的安全复位；重新执行前须校验全部前置条件。,服务任务执行成功或持续保持，完成回调，且采集到的目标状态等于“XX完成”或具体业务状态“XX执行成功”。,缺少复位态会影响下一发衔接和资源释放判断,待机
10,激光链路,光纤种子源组件,关机,关机正常,/,/,未就绪,关机完成,异常,关机异常,未就绪,光纤种子源组件已关机下电，业务能力不可用；重新使用前须完成上电、自检和功能检查。,服务任务成功回调，且采集到的目标状态等于“关机成功”或具体业务状态“下电成功”。,阻断当前节点或当前阶段,关机
11,激光链路,光纤种子源组件,通用异常处置,故障锁定,/,/,异常,/,/,/,异常,光纤种子源组件发生“故障锁定”，状态不得用于流程放行；解除故障并复位校验后退出异常。,设备上报故障或安全策略锁定，未经过复位/人工解除,阻断当前节点及依赖节点，需重试、复位或人工确认,异常处置
12,激光链路,光纤种子源组件,通用异常处置,通信异常,/,/,异常,/,/,/,异常,光纤种子源组件发生“通信异常”，状态不得用于流程放行；解除故障并复位校验后退出异常。,心跳中断、接口不可达、连续调用失败或状态采集超时,阻断当前节点及依赖节点，需重试、复位或人工确认,异常处置
13,激光链路,光纤种子源组件,通用异常处置,执行超时,/,/,异常,/,/,/,异常,光纤种子源组件发生“执行超时”，状态不得用于流程放行；解除故障并复位校验后退出异常。,节点执行超过配置超时时间，且目标状态未达标,阻断当前节点及依赖节点，需重试、复位或人工确认,异常处置
